,,,,Name,,Ingredient01,,Ingredient02,,Ingredient03,,Ingredient04,,Ingredient05,,Ingredient06,,Ingredient07,,Ingredient08,,Ingredient09,,Ingredient10,,Ingredient11,,Ingredient12,,Ingredient13,,Ingredient14,,Ingredient15,,Ingredient16,,Ingredient17,,Ingredient18,,Unit19,Ingredient19,Category\
"var recipe01= {name:""Banana Cake"", ingredientsOnHand :0, image: ""http://something.com"",  ingredients: [""shortening"",""sugar"",""eggs"",""butter"",""sour milk"",""soda water"",""flour"",""baking powder"",""chopped nuts"","""","""","""","""","""","""","""","""","""",""]};",var recipe,01,"= {name:""",Banana Cake,""", ingredientsOnHand :0, image: ""http://something.com"",  ingredients: [""",shortening,""",""",sugar,""",""",eggs,""",""",butter,""",""",sour milk,""",""",soda water,""",""",flour,""",""",baking powder,""",""",chopped nuts,""",""",,""",""",,""",""",,""",""",,""",""",,""",""",,""",""",,""",""",,""",""",,""",""",,]};,Cakes\
"var recipe02= {name:""Blueberry Coffee Cake"", ingredientsOnHand :0, image: ""http://something.com"",  ingredients: [""cream cheese"",""sugar"",""eggs"",""lemon juice"",""vanilla"",""butter"",""flour"",""baking powder"",""milk"",""blueberries"","""","""","""","""","""","""","""","""",""]};",var recipe,02,"= {name:""",Blueberry Coffee Cake,""", ingredientsOnHand :0, image: ""http://something.com"",  ingredients: [""",cream cheese,""",""",sugar,""",""",eggs,""",""",lemon juice,""",""",vanilla,""",""",butter,""",""",flour,""",""",baking powder,""",""",milk,""",""",blueberries,""",""",,""",""",,""",""",,""",""",,""",""",,""",""",,""",""",,""",""",,""",""",,]};,Cakes\
"var recipe03= {name:""Chocolate Cake"", ingredientsOnHand :0, image: ""http://something.com"",  ingredients: [""margarine"",""sugar"",""eggs"",""cocoa"",""salt"",""milk"",""baking soda"",""flour"",""cloves"",""vanilla"","""","""","""","""","""","""","""","""",""]};",var recipe,03,"= {name:""",Chocolate Cake,""", ingredientsOnHand :0, image: ""http://something.com"",  ingredients: [""",margarine,""",""",sugar,""",""",eggs,""",""",cocoa,""",""",salt,""",""",milk,""",""",baking soda,""",""",flour,""",""",cloves,""",""",vanilla,""",""",,""",""",,""",""",,""",""",,""",""",,""",""",,""",""",,""",""",,""",""",,]};,Cakes\
"var recipe04= {name:""Chocolate Mayonaise Cake"", ingredientsOnHand :0, image: ""http://something.com"",  ingredients: [""flour"",""sugar"",""cocoa"",""baking powder"",""baking soda"",""mayonnaise"",""water"",""vanilla"","""","""","""","""","""","""","""","""","""","""",""]};",var recipe,04,"= {name:""",Chocolate Mayonaise Cake,""", ingredientsOnHand :0, image: ""http://something.com"",  ingredients: [""",flour,""",""",sugar,""",""",cocoa,""",""",baking powder,""",""",baking soda,""",""",mayonnaise,""",""",water,""",""",vanilla,""",""",,""",""",,""",""",,""",""",,""",""",,""",""",,""",""",,""",""",,""",""",,""",""",,""",""",,]};,Cakes\
"var recipe05= {name:""Crazy Cake"", ingredientsOnHand :0, image: ""http://something.com"",  ingredients: [""lemon cake mix"",""water"",""lemon jello"",""vegetable oil"",""eggs"",""sugar"",""lemon juice"","""","""","""","""","""","""","""","""","""","""","""",""]};",var recipe,05,"= {name:""",Crazy Cake,""", ingredientsOnHand :0, image: ""http://something.com"",  ingredients: [""",lemon cake mix,""",""",water,""",""",lemon jello,""",""",vegetable oil,""",""",eggs,""",""",sugar,""",""",lemon juice,""",""",,""",""",,""",""",,""",""",,""",""",,""",""",,""",""",,""",""",,""",""",,""",""",,""",""",,""",""",,]};,Cakes\
"var recipe06= {name:""Fresh Apple Cake"", ingredientsOnHand :0, image: ""http://something.com"",  ingredients: [""diced apples"",""sugar"",""chopped nuts"",""eggs"",""vanilla"",""flour"",""baking powder"",""cinnamon"",""vegetable oil"",""baking soda"",""salt"","""","""","""","""","""","""","""",""]};",var recipe,06,"= {name:""",Fresh Apple Cake,""", ingredientsOnHand :0, image: ""http://something.com"",  ingredients: [""",diced apples,""",""",sugar,""",""",chopped nuts,""",""",eggs,""",""",vanilla,""",""",flour,""",""",baking powder,""",""",cinnamon,""",""",vegetable oil,""",""",baking soda,""",""",salt,""",""",,""",""",,""",""",,""",""",,""",""",,""",""",,""",""",,""",""",,]};,Cakes\
"var recipe07= {name:""Fresh Pear Cake"", ingredientsOnHand :0, image: ""http://something.com"",  ingredients: [""butter"",""flour"",""pears"",""eggs"",""sugar"",""milk"",""salt"",""powdered sugar"","""","""","""","""","""","""","""","""","""","""",""]};",var recipe,07,"= {name:""",Fresh Pear Cake,""", ingredientsOnHand :0, image: ""http://something.com"",  ingredients: [""",butter,""",""",flour,""",""",pears,""",""",eggs,""",""",sugar,""",""",milk,""",""",salt,""",""",powdered sugar,""",""",,""",""",,""",""",,""",""",,""",""",,""",""",,""",""",,""",""",,""",""",,""",""",,""",""",,]};,Cakes\
"var recipe08= {name:""Graham Cracker Cake"", ingredientsOnHand :0, image: ""http://something.com"",  ingredients: [""butter"",""sugar"",""sour milk"",""graham crackers, crushed"",""baking soda"",""chopped nuts"","""","""","""","""","""","""","""","""","""","""","""","""",""]};",var recipe,08,"= {name:""",Graham Cracker Cake,""", ingredientsOnHand :0, image: ""http://something.com"",  ingredients: [""",butter,""",""",sugar,""",""",sour milk,""",""","graham crackers, crushed",""",""",baking soda,""",""",chopped nuts,""",""",,""",""",,""",""",,""",""",,""",""",,""",""",,""",""",,""",""",,""",""",,""",""",,""",""",,""",""",,""",""",,]};,Cakes\
"var recipe09= {name:""Hot Water Chocolate Cake"", ingredientsOnHand :0, image: ""http://something.com"",  ingredients: [""margarine"",""sugar"",""eggs"",""cocoa"",""salt"",""sour milk"",""baking soda"",""flour"",""cloves"",""vanilla"","""","""","""","""","""","""","""","""",""]};",var recipe,09,"= {name:""",Hot Water Chocolate Cake,""", ingredientsOnHand :0, image: ""http://something.com"",  ingredients: [""",margarine,""",""",sugar,""",""",eggs,""",""",cocoa,""",""",salt,""",""",sour milk,""",""",baking soda,""",""",flour,""",""",cloves,""",""",vanilla,""",""",,""",""",,""",""",,""",""",,""",""",,""",""",,""",""",,""",""",,""",""",,]};,Cakes\
"var recipe10= {name:""Hungry Bear Cheese Cake"", ingredientsOnHand :0, image: ""http://something.com"",  ingredients: [""wheat germ, optional"",""graham cracker crumbs"",""sugar"",""cinnamon"",""melted butter"",""sour cream"",""sugar"",""vanilla"",""salt"",""cream cheese"",""cottage cheese"",""eggs"",""lemon juice"",""vanilla"",""sugar"",""flour"",""flour"",""salt"",""]};",var recipe,10,"= {name:""",Hungry Bear Cheese Cake,""", ingredientsOnHand :0, image: ""http://something.com"",  ingredients: [""","wheat germ, optional",""",""",graham cracker crumbs,""",""",sugar,""",""",cinnamon,""",""",melted butter,""",""",sour cream,""",""",sugar,""",""",vanilla,""",""",salt,""",""",cream cheese,""",""",cottage cheese,""",""",eggs,""",""",lemon juice,""",""",vanilla,""",""",sugar,""",""",flour,""",""",flour,""",""",salt,""",""",,]};,Cakes\
,var recipe,11,"= {name:""",Lemon Poppy Cake,""", ingredientsOnHand :0, image: ""http://something.com"",  ingredients: [""",lemon cake mix,""",""",eggs,""",""",lemon instant pudding,""",""",water,""",""",oil,""",""",poppy seeds,""",""",,""",""",,""",""",,""",""",,""",""",,""",""",,""",""",,""",""",,""",""",,""",""",,""",""",,""",""",,""",""",,]};,Cakes\
,var recipe,12,"= {name:""",Light Old Fashioned Fruit Cake,""", ingredientsOnHand :0, image: ""http://something.com"",  ingredients: [""",sifted flour,""",""",baking powder,""",""",salt,""",""",cinnamon,""",""",nutmeg,""",""",whole pecans,""",""","canned pineapple, chopped",""",""",whole canned cherries,""",""",golden raisins,""",""",butter,""",""",sugar,""",""",eggs,""",""",brandy flavoring,""",""",,""",""",,""",""",,""",""",,""",""",,""",""",,]};,Cakes\
,var recipe,,,My Best Gingerbread,""", ingredientsOnHand :0, image: ""http://something.com"",  ingredients: [""",sugar,""",""",butter,""",""",egg,""",""",molasses,""",""",sifted flour,""",""",soda,""",""",cinnamon,""",""",ginger,""",""",cloves,""",""",salt,""",""",hot water,""",""",,""",""",,""",""",,""",""",,""",""",,""",""",,""",""",,""",""",,]};,Cakes\
,,,,Oatmeal Cake,,oatmeal,""",""",boiling water,""",""",brown sugar,""",""",white sugar,""",""",margarine,""",""",eggs,""",""",flour,""",""",salt,""",""",soda,""",""",nutmeg,""",""",cinnamon,""",""",chopped nuts,""",""",evaporated milk,""",""",butter,""",""",coconut,""",""",valencia peanuts,""",""",,""",""",,""",""",,]};,Cakes\
,,,,Orange Angel Food Cake,,angel food cake mix,""",""","frozen orange juice concentrate, thawed",""",""","frozen light whipped topping, thawed",""",""",plain low fat yogurt,""",""",,""",""",,""",""",,""",""",,""",""",,""",""",,""",""",,""",""",,""",""",,""",""",,""",""",,""",""",,""",""",,""",""",,""",""",,]};,Cakes\
,,,,Orange-Poppy Seed Pound Cake,,"unsalted butter, softened",""",""",sugar,""",""",vanilla,""",""",grated orange peel,""",""",unsifted cake flour,""",""",fresh orange juice,""",""",eggs,""",""",baking powder,""",""",baking soda,""",""",salt,""",""",poppy seeds,""",""",powdered sugar,""",""",fresh orange juice,""",""",,""",""",,""",""",,""",""",,""",""",,""",""",,]};,Cakes\
,,,,Pineapple Cake,,crushed pineapple,""",""",yellow cake mix,""",""",butter,""",""",sliced almonds,""",""",,""",""",,""",""",,""",""",,""",""",,""",""",,""",""",,""",""",,""",""",,""",""",,""",""",,""",""",,""",""",,""",""",,""",""",,]};,Cakes\
,,,,Pineapple-Carrot Cake*,,oil,""",""",sugar,""",""",eggs,""",""",flour,""",""",soda,""",""",salt,""",""",cinnamon,""",""",vanilla,""",""","crushed pineapple, drained",""",""",grated carrots,""",""",chopped walnuts,""",""",cream cheese,""",""",margarine,""",""",powdered sugar,""",""",vanilla,""",""",water,""",""",,""",""",,""",""",,]};,Cakes\
,,,,Potatoe Cake,,sugar,""",""",shortening,""",""",milk,""",""",mashed potatoes,""",""","eggs, beaten separately",""",""",flour,""",""",baking powder,""",""",cocoa,""",""",chopped walnuts,""",""",vanilla,""",""",,""",""",,""",""",,""",""",,""",""",,""",""",,""",""",,""",""",,""",""",,]};,Cakes\
,,,,Pumpkin Swirl Cheesecake,,vanilla wafer crumbs,""",""",melted margarine,""",""",lite cream cheese,""",""",sugar,""",""",vanilla,""",""",eggs,""",""",pumpkin,""",""",cinnamon,""",""",nutmeg,""",""",,""",""",,""",""",,""",""",,""",""",,""",""",,""",""",,""",""",,""",""",,""",""",,]};,Cakes\
,,,,Refrigerator Cheesecake,,cornflakes,""",""",butter,""",""",sugar,""",""",gelatin,""",""",cold water,""",""","eggs, separated",""",""",salt,""",""",milk,""",""",cottage cheese,""",""",grated lemon rind,""",""",lemon juice,""",""",heavy cream,""",""",,""",""",,""",""",,""",""",,""",""",,""",""",,""",""",,]};,Cakes\
,,,,Sherry Wine Cake,,yellow cake mix,""",""",instant vanilla pudding,""",""",eggs,""",""",oil,""",""",sherry cooking wine,""",""",nutmeg,""",""",,""",""",,""",""",,""",""",,""",""",,""",""",,""",""",,""",""",,""",""",,""",""",,""",""",,""",""",,""",""",,,Cakes\
,,,,Special Prune Cake*,,eggs,""",""",oil,""",""",sugar,""",""","nutmeg, cinnamon, and allspice",""",""",flour,""",""",salt,""",""",soda,""",""",baking powder,""",""",buttermilk,""",""",vanilla,""",""",cooked prunes,""",""",chopped nuts,""",""",sugar,""",""",buttermilk,""",""",soda water,""",""",white corn syrup,""",""",butter,""",""",vanilla,""",""",,,Cakes\
,,,,Spicy Fruit and Nut Cake*,,chopped pitted prunes,""",""",walnuts,""",""",flour,""",""",baking soda,""",""",cinnamon,""",""",nutmeg,""",""",allspice,""",""",salt,""",""",flour,""",""",vegetable oil,""",""",buttermilk,""",""",eggs,""",""",sugar,""",""",buttermilk,""",""",soda,""",""",unsalted butter,""",""",,""",""",,""",""",,,Cakes\
,,,,Strawberry Spice Loaf,,berries,""",""",flour,""",""",sugar,""",""",salt,""",""",cinnamon,""",""",nutmeg,""",""",soda water,""",""",oil,""",""",eggs,""",""",,""",""",,""",""",,""",""",,""",""",,""",""",,""",""",,""",""",,""",""",,""",""",,,Cakes\
,,,,Three Layer Chocolate Mayonnaise Cake,,flour,""",""",sugar,""",""",cocoa,""",""",baking powder,""",""",baking soda,""",""",Best Foods Mayonnaise,""",""",water,""",""",vanilla,""",""",,""",""",,""",""",,""",""",,""",""",,""",""",,""",""",,""",""",,""",""",,""",""",,""",""",,,Cakes\
,,,,Two Layer Chocolate Mayonnaise Cake,,flour,""",""",sugar,""",""",cocoa,""",""",baking powder,""",""",baking soda,""",""",Best Foods Mayonnaise,""",""",water,""",""",vanilla,""",""",,""",""",,""",""",,""",""",,""",""",,""",""",,""",""",,""",""",,""",""",,""",""",,""",""",,,Cakes\
,,,,Upside Down Cake,,butter,""",""",brown sugar,""",""",eggs,""",""",sugar,""",""",fruit juice,""",""",vanilla,""",""",sifted flour,""",""",baking powder,""",""",salt,""",""",,""",""",,""",""",,""",""",,""",""",,""",""",,""",""",,""",""",,""",""",,""",""",,,Cakes\
,,,,Blue Chip Cookies,,cold butter,""",""",sugar,""",""",brown sugar,""",""",vanilla,""",""",egg,""",""",flour,""",""",baking soda,""",""",salt,""",""",chocolate chips,""",""",walnuts,""",""",,""",""",,""",""",,""",""",,""",""",,""",""",,""",""",,""",""",,""",""",,,Cookies\
,,,,Bourbon Balls,,semisweet chocolate chips,,light corn syrup,,bourbon (or light cream),,crushed vanilla wafers,,powdered sugar,,finely chopped walnuts,,,,,,,,,,,,,,,,,,,,,,,,,,,,Cookies\
,,,,Chocolate Crisp Bran Cookies,,flour,,baking soda,,salt,,margarine,,sugar,,eggs,,vanilla,,All-Bran cereal,,chocolate chips,,,,,,,,,,,,,,,,,,,,,,Cookies\
,,,,Chocolate Peanut Brunch Bars,,flour,,brown sugar,,margarine,,crunchy peanut butter,,salt,,"egg yolk, beaten",,vanilla,,chocolate chips,,crunchy peanut butter,,Special K cereal,,,,,,,,,,,,,,,,,,,,Cookies\
,,,,Chocolate Trio Squares*,,margarine,,sifted flour,,salt,,"eggs, well beaten",,light brown sugar,,coconut,,vanilla,,salt,,flour,,semisweet chocolate chips,,light corn syrup,,water,,chopped nuts,,,,,,,,,,,,,,Cookies\
,,,,Christmas Logs,,crushed walnuts,,pitted dates,,flake coconut,,brown sugar,,eggs,,,,,,,,,,,,,,,,,,,,,,,,,,,,,,Cookies\
,,,,Christmas Snowballs,,butter,,vanilla,,water,,salt,,sugar,,flour,,chocolate chips,,finely chopped walnuts,,powdered sugar,,,,,,,,,,,,,,,,,,,,,,Cookies\
,,,,Crisp Oatmeal Fruit Strips,,butter or margarine,,sugar,,egg,,flour,,soda,,raisins (or finely diced prunes or dates),,rolled oats,,,,,,,,,,,,,,,,,,,,,,,,,,Cookies\
,,,,Frosted Delights,,sifted flour,,salt,,baking soda,,shortening,,granulated sugar,,eggs,,vanilla,,brown sugar,,"egg white, stiffly beaten",,chopped nuts,,,,,,,,,,,,,,,,,,,,Cookies\
,,,,Ginger Snap Bars,,brown sugar,,egg,,margarine,,molasses,,vanilla,,flour,,soda,,salt,,cinnamon,,ginger,,cloves,,milk,,chopped nuts,,,,,,,,,,,,,,Cookies\
,,,, Ginger Snaps,,shortening,,brown sugar,,egg,,molasses,,ginger,,cinnamon,,cloves,,soda,,flour,,,,,,,,,,,,,,,,,,,,,,Cookies\
,,,,Honey Graham Crackers,,flour,,,,,,,,,,,,whole wheat flour,,brown sugar,,shortening,,cinnamon,,honey,,oil,,cold water,,salt,,baking soda,,,,,,,,,,Cookies\
,,,,Jello Pastel Cookies,,margarine,,sugar,,fruit jello,,,,vanilla,,flour,,baking powder,,salt,,,,,,,,,,,,,,,,,,,,,,,,Cookies\
,,,,Lemon Squares,,flour,,margarine,,powdered sugar,,,,sugar,,baking powder,,salt,,lemon peel,,Lemon juice,,,,,,,,,,,,,,,,,,,,,,Cookies\
,,,,Minties,,egg,,oil,,sugar,,mint apple jelly,,flour,,baking powder,,salt,,,,,,,,,,,,,,,,,,,,,,,,,,Cookies\
,,,,Oatmeal Cookies,,brown sugar,,shortening,,eggs,,raisin liquid,,"soda, dissolved in raisin liquid",,flour,,oats,,salt,,"raisins, boiled 20 min.",,cinnamon,,all-spice,,walnuts,,,,,,,,,,,,,,,,Cookies\
,,,,Oatmeal Fudge Bars*,,shortening,,"light brown sugar, firmly packed",,egg,,vanilla,,sifted flour,,baking soda,,salt,,quick-cooking oats,,"walnuts, chopped",,,,semi-sweet chocolate chips,,butter or margarine,,sweetened condensed milk,,salt,,"walnuts, chopped",,vanilla,,,,,,,,Cookies\
,,,,Peanut Butter Cookies,,sugar,,brown sugar,,margarine,,eggs,,peanut butter,,flour,,soda,,salt,,vanilla,,,,,,,,,,,,,,,,,,,,,,Cookies\
,,,,Pineapple Graham Bars,,butter or margarine,,"light brown sugar, firmly packed",,egg ,,sifted flour,,graham cracker crumbs,,"crushed pineapple, drained.",,"walnuts, chopped",,,,,,,,,,,,,,,,,,,,,,,,,,Cookies\
,,,,Prune Nut Bars,,pitted prunes,,margarine,,sugar,,sifted flour,,baking powder,,salt,,brown sugar,,eggs,,lemon juice,,vanilla,,"walnuts, chopped",,coconut,,confectioner's sugar,,,,,,,,,,,,,,Cookies\
,,,,Pumpkin Oatmeal Cookies,,eggs,,sugar,,oil,,oatmeal,,soda,,salt,,nuts,,raisins,,allspice,,ginger,,pumpkin pie spice,,cinnamon,,cloves,,nutmeg,,pumpkin pie spice,,flour,,,,,,,,Cookies\
,,,,Snickerdoodles,,flour,,cream of tartar,,baking soda,,salt,,margarine,,sugar,,eggs,,sugar,,cinnamon,,,,,,,,,,,,,,,,,,,,,,Cookies\
,,,,Soft Sugar Cookies,,butter or margarine,,sugar,,eggs,,vanilla,,sifted flour,,salt,,baking powder,,baking soda,,sour cream,,cinnamon and sugar,,,,,,,,,,,,,,,,,,,,Cookies\
,,,,Thumbprint Cookies,,Crisco (shortening),,egg,,sugar,,salt,,vanilla,,flour,,,,,,,,,,,,,,,,,,,,,,,,,,,,Cookies\
,,,,Walnut Squares,,margarine,,sugar,,egg,,flour,,nutmeg,,"nuts, chopped",,,,,,,,,,,,,,,,,,,,,,,,,,,,Cookies\
,,,,Banana Cream Pie,,baked pastry shell,,cornstarch,,water,,sweetened condensed milk,,"egg yolks, beaten",, margarine or butter,,vanilla,,bananas,,lemon juice from concentrate,,whipped cream,,,,,,,,,,,,,,,,,,,,Pies\
,,,,Blackberry Nectarine Pie,,blackberries,,sugar,,cornstarch,,water,,"nectarines, sliced",,baked pie shell,,whipped cream,,,,,,,,,,,,,,,,,,,,,,,,,,Pies\
,,,,Creamy Apple Pie,,"pie shell, unbaked",,"tart apples, peeled and sliced",,sugar,,flour,,salt,,heavy cream,,cinnamon,,,,,,,,,,,,,,,,,,,,,,,,,,Pies\
,,,,Dutch Apple Pie,,"large apples, sliced",,sugar,,cinnamon,,flour,,butter,,cinnamon,,,,,,,,,,,,,,,,,,,,,,,,,,,,Pies\
,,,,Fresh Strawberry Pie,,cornstarch,,sugar,,water,,red food coloring,,butter,,lemon juice,,strawberries,,"pie shell, baked",,,,,,,,,,,,,,,,,,,,,,,,Pies\
,,,,Lemon Cloud Pie,,sugar,,cornstarch,,water,,"lemon rind, grated",,lemon juice,,eggs,,cream cheese,,graham cracker crust,,,,,,,,,,,,,,,,,,,,,,,,Pies\
,,,,Lemon Luscious Pie,,sugar,,cornstarch,,butter,,"lemon rind, grated",,lemon juice,,"egg yolks, slightly beaten",,milk,,sour cream,,pie shell,,,,,,,,,,,,,,,,,,,,,,Pies\
,,,,Lemon Meringue Pie,,sugar,,cornstarch,,salt,,hot water,,"lemon juice, fresh or bottled",,grated lemon juice,,egg yolks,,butter,,egg whites,,sugar,,,,,,,,,,,,,,,,,,,,Pies\
,,,,Old Fashioned Apple Pie,,sliced,,sugar,,cinnamon,,water,,butter,,,,,,,,,,,,,,,,,,,,,,,,,,,,,,Pies\
,,,,Peach Almond Pie,,"fresh peaches, sliced",,lemon juice,,sugar,,cornstarch,,butter,,salt,,almond extract,,pie shell,,,,,,,,,,,,,,,,,,,,,,,,Pies\
,,,,Peach Parfait Pie,,peach or lemon gelatin,,hot water,,Peach or vanilla ice cream,,"fresh peaches, peeled and diced",,sugar,,"baked pie shell, chilled",,heavy cream,,,,,,,,,,,,,,,,,,,,,,,,,,Pies\
,,,,Peanut Butter Ice Cream Pie,,"graham cracker crumbs, 18 squares",,sugar,,"margarine, melted",,whipped cream or cool whip,,vanilla ice cream,,chunk style peanut buter,,,,,,,,,,,,,,,,,,,,,,,,,,,,Pies\
,,,,Peanut Butter Pie,,light or dark corn syrup,,sugar,,"eggs, slightly beaten",,vanilla,,chunk style peanut butter,,"pie shell, unbaked",,whipped cream,,,,,,,,,,,,,,,,,,,,,,,,,,Pies\
,,,,Pie Crust,,sifted flour,,salt,,shortening,,ice water or 7-up,,,,,,,,,,,,,,,,,,,,,,,,,,,,,,,,Pies\
,,,,Sour Cream Raisin Pie,,raisins,,water,,flour,,sugar,,"egg yolks, slightly beaten",,sour cream,,vanilla,,nutmeg,,,,,,,,,,,,,,,,,,,,,,,,Pies\
,,,,Walnut Pie,,sugar,,light corn syrup,,eggs,,evaporated milk,,vanilla,,flour,,nutmeg,,,,,,,,,,,,,,,,,,,,,,,,,,Pies\
,,,,Walnut-Raisin pie,,sugar,,eggs,,"walnuts, chopped",,butter,,vanilla,,raisins,,,,,,,,,,,,,,,,,,,,,,,,,,,,Pies\
,,,,Angel Hash,,cornstarch,,sugar,,pineapple juice,,eggs,,Dream Whip or whipped cream,,pineapple tidbits,,"walnuts, chopped",,marshmallows,,"bananas, sliced",,,,,,,,,,,,,,,,,,,,,,Pies\
,,,,Blue Cheese Dressing,,blue cheese,,buttermilk,,mayonnaise,,white sauterne wine,,garlic powder,,accent seasoning mix,,,,,,,,,,,,,,,,,,,,,,,,,,,,Salads and Dressings\
,,,,Broccoli Curry Salad,,"broccoli, cut into small pieces",,raisins,,red onion,,sunflower seed,,mayonnaise,,stalks of celery,,red wine vinegar ,,"curry, to taste",,,,,,,,,,,,,,,,,,,,,,,,Salads and Dressings\
,,,,Broccoli Salad,,"broccoli florets, bite size",,"mozzarella cheese, shredded",,"red onion, chopped",,"crisp bacon, crumbled",,mayonnaise,,sugar,,vinegar,,,,,,,,,,,,,,,,,,,,,,,,,,Salads and Dressings\
,,,,Broccoli Salad with Pineapple,,"bacon, but small, fry until crisp",,broccoli,,"crushed pineapple, well drained",," red onion, chopped fine",,sunflower seeds,,mayonnaise,,sugar,,vinegar,,,,,,,,,,,,,,,,,,,,,,,,Salads and Dressings\
,,,,Carrot Carousel,,Knox Unflavored Gelatin,,"cold orange juice, divided",,boiling orange juice,,salt,,salad dressing,,carrot pieces,,crushed pineapple,,,,,,,,,,,,,,,,,,,,,,,,,,Salads and Dressings\
,,,,Coleslaw,,cabbage,,mayonnaise,,sour cream,,vinegar,,sugar,,horseradish,,salt and pepper,,caraway seed (optional),,,,,,,,,,,,,,,,,,,,,,,,Salads and Dressings\
,,,,Cranberry Mold,,hot water,,"cherry jello, or 1 large",,whole cranberry sauce,,sour cream,,"nuts, chopped",,,,,,,,,,,,,,,,,,,,,,,,,,,,,,Salads and Dressings\
,,,,Cucumbers in Sour Cream,,"cucumbers, sliced",,salt,,pepper,,"chives or scallions, minced",,sour cream,,lemon juice,,,,,,,,,,,,,,,,,,,,,,,,,,,,Salads and Dressings\
,,,,Five Bean Salad,,green beans,,wax beans,,kidney beans,,garbanzo beans,,bean sprouts,,"red onion, sliced",,sugar,,vinegar,,oil,,,,,,,,,,,,,,,,,,,,,,Salads and Dressings\
,,,,Five Cup Salad,,pineapple chunks,,mandarin oranges,,coconut,,marshmallows,,sour cream,,,,,,,,,,,,,,,,,,,,,,,,,,,,,,Salads and Dressings\
,,,,Garden Vegetable Pasta,,asparagus,,broccoli,,cauliflower,,green onions,,radishes,,peeled tomato,,avacado,,fresh mushrooms,,pasta,,Italian Dressing,,,,,,,,,,,,,,,,,,,,Salads and Dressings\
,,,,Green Bean Salad,,fresh beans,,salad oil,,white vinegar,,"red onion, chopped",,grated lemon rind,,blue cheese,,"walnuts, chopped",,,,,,,,,,,,,,,,,,,,,,,,,,Salads and Dressings\
,,,,Heavenly Cheese Salad,,lemon jello,,pineapple juice + water,,crushed pineapple,,cream cheese,,"walnuts, chopped",,whipped cream,,,,,,,,,,,,,,,,,,,,,,,,,,,,Salads and Dressings\
,,,,Horseradish Dressing,,horseradish,,mayonnaise,,sour cream,,buttermilk,,oil,,onion powder,,salt,,pepper,,kelp,,vinegar,,,,,,,,,,,,,,,,,,,,Salads and Dressings\
,,,,Lemon Cloud Salad,,lemon jello,,mandarin oranges,,pineapple tidbits,,"bananas, sliced",,Dream Whip,,,,,,,,,,,,,,,,,,,,,,,,,,,,,,Salads and Dressings\
,,,,Lima Bean Salad,,frozen lima beans,,"fresh mushrooms, sliced",,"green onions, sliced",,"parsley, choped",,oregano,,vegetable oil,,salt,,pepper,,"garlic, crushed or 1/8 tsp. garlic pwder.",,,,,,,,,,,,,,,,,,,,,,Salads and Dressings\
,,,,Pea Salad,,"frozen peas, uncooked",,"green onion, chopped",,crumbled bacon bits,,"water chestnuts, sliced",,salted cashew pieces.,,sour cream,,,,,,,,,,,,,,,,,,,,,,,,,,,,Salads and Dressings\
,,,,School French Dressing,,oil,,vinegar,,salt and  pepper to taste,,dry mustard,,paprika,,sugar,,,,,,,,,,,,,,,,,,,,,,,,,,,,Salads and Dressings\
,,,,Spinach Salad,,spinach leaves,,"onion, red is best",,bacon,,vinegar,,water,,sugar,,salt,,"egg, slightly beaten",,"egg, hard-boiled",,sour cream,,,,,,,,,,,,,,,,,,,,Salads and Dressings\
,,,,Spinach Salad with Avocado,,fresh spinach,,avocado,,lemon juice,,red onion,,mandarin oranges,,sour cream,,"garlic, crushed",,salt,,lemon peel,,paprika,,pepper,,vinegar,,olive oil,,"bacon, crisp and crumbled",,,,,,,,,,,,Salads and Dressings\
,,,,Spinach Salad with Alfalfa Sprouts,,spinach greens,,sliced onion,,alfalfa sprouts,,bacon bits,,grated jack cheese,,sunflower seeds,,mayonnaise,,catsup,,lemon juice,,sugar,,,,,,,,,,,,,,,,,,,,Salads and Dressings\
,,,,Summer Fruit Salad,,pineapple chunks in juice,,mandarin oranges,,seedless grapes,,"cantaloupe, cut into chunks",,watermelon chunks,,marshmallows,,sour cream,,,,,,,,,,,,,,,,,,,,,,,,,,Salads and Dressings\
,,,,Top Ramen Salad,,chicken Ramen,,oil,,vinegar,,sugar,,salad greens,,red onion,,frozen peas,,,,,,,,,,,,,,,,,,,,,,,,,,Salads and Dressings\
,,,,Zucchini Apple Slaw,,mayonnaise,,vinegar,,sugar,,caraway seed,,"zucchini, coarsely shredded",,"green onions, sliced",,"tart apples, cut in chunks",,salt and pepper,,,,,,,,,,,,,,,,,,,,,,,,Salads and Dressings\
,,,,Broccoli Cheese Soup,,"potato (2-3 cups), peeled and diced",,"broccoli florets, cut or broken",,"carrot, peeled and chopped",,"cloves of garlic, peeled",,"onion, chopped",,salt,,water,,"cheddar cheese, grated",,low-fat milk,,dill,,,,,,,,,,,,,,,,,,,,Soup\
,,,,Chicken Noodle Soup,,"chicken, cooked and chopped",,"potato, diced",,"carrots, diced",,"celery, sliced",,"onion, chopped",,chicken bouillion,,poultry seasoning,,"salt, to taste",,narrow egg noodles,,,,,,,,,,,,,,,,,,,,,,Soup\
,,,,Cleo's Clam Chowder,,"bacon, chopped and browned",,"onion, suated",,"celery, sauted",,"potatoes, peeled and diced",,half and half,,milk,,salt and pepper,,thyme or basil,,chopped clams with juice,,,,,,,,,,,,,,,,,,,,,,Soup\
,,,,Creamy Zucchini Mushroom Soup,,"zucchini, thinly sliced (about 3/4 lb.)",,"onion, chopped",,"garlic, minced",,butter or margarine,,"cream of mushroom soup, condensed",,water,,milk,,"fresh oregano, chopped or 1/4 tsp dried",,"fresh basil, or 1/4 tsp dried",,sour cream,,"ground pepper, to taste",,"pine nuts, toasted",,,,,,,,,,,,,,,,Soup\
,,,,Elephant Stew,,elephant,,salt and pepper to taste,,brown gravy,,rabbits,,,,,,,,,,,,,,,,,,,,,,,,,,,,,,,,Soup\
,,,,Hungry Bear Vegetable Soup,,hamburger,,"potatoes, diced",,"carrots, diced",,"onion, coarsely chopped",,"celery, sliced",,"stewed tomatoes, crushed",,"tomatoes, crushed",,cabbage,,"salt, to taste",,,,,,,,,,,,,,,,,,,,,,Soup\
,,,,Mexican Meatball Soup,,hamburger,,minute rice,,egg,,"onion, finely chopped",,garlic powder,,oregano,,cumin,,chili powder,,chicken or beef broth,,"tomatoes, crushed",,"carrots, chopped",,"onion, chopped",,"celery, chopped",,garlic powder,,oregano,,cumin,,chili powder,,tomato sauce,,cup,instant rice,Soup\
,,,,Minestrone Soup,,hamburger,,"potatoes, cubed",,"onion, chopped",,"carrots, diced",,"stalks of celery, chopped",,kidney beans,,frozen spinach,,"zucchini, diced",,"cabbage, chopped",,stewed tomatoes,,tomato sauce,,spaghetti sauce mix,,broken spaghetti,,,,,,,,,,,,,,Soup\
,,,,Tortilla Soup,,lime,,vegetable oil,,"onion, chopped",,ground cumin,,"diced oregano leaves, crushed",,"garlic, minced",,Campbell's condensed chicken broth,,water,,"tomato, chopped",,chopped green chiles,,corn tortillas,,"monterey jack or cheddar cheese, shredded",,"lettuce, shredded",,,,,,,,,,,,,,Soup\
,,,,Chicken and Shrimp Cantonese,,peanut or vegetable oil,,"b1d and skinned chicken breasts, cut into 1 inch pieces",,"red or green pepper, cut in thin strips",,"celery, sliced",,chicken broth,,cornstarch,,sherry,,soy sauce,,sugar,,,,,,,,,,,,,,,,,,,,,,\
,,,,Chicken With Pineapple,,b1d chicken breast cut into 1-inch cubes,,sherry,,soy sauce,,cornstarch,,"celery, bite size",,onion,,mushroom,,pineapple tidbits,,green pepper,,,,,,,,,,,,,,,,,,,,,,\
,,,,Chinese Beef,,flank steak,,tomatoes,,green peppers,,olive oil,,garlic,,salt,,pepper,,ground ginger,,soy sauce,,sugar,,bean sprouts,,cornstarch,,water,,,,,,,,,,,,,,\
,,,,Chinese Broccoli,,broccoli florets,,crab or shrimp,,bea10 egg white,,fresh mushrooms,,chicken broth,,soy sauce,,,,,,,,,,,,,,,,,,,,,,,,,,,,\
,,,,Chinese Chicken Salad,,soy sauce,,dry sherry,,water,,orange peel,,anise,,"chicken breast, poached 15 minutes",,slivered green onions,,slivered lettuce,,,,,,,,,,,,,,,,,,,,,,,,\
,,,,Chinese Fried Rice,,"diced ham, pork or chicken",,oil,,sliced mushrooms (optional),,chopped green onions,,cold cooked rice,,soy sauce,,egg,,tbsp,,,,,,,,,,,,,,,,,,,,,,,,\
,,,,Chinese Pepper Steak,,"round steak, cut 1 inch thick",,cornstarch,,sugar,,ginger,,sauce,,peppers,,onion,,oil,,garlic,,water,,"tomatoes, halved",,dry sherry,,,,,,,,,,,,,,,,\
,,,,Chinese Roast Pork,,sugar,,salt,,h1y,,soy sauce,,chicken bouillon,,fresh pork butt or shoulder of pork,,,,,,,,,,,,,,,,,,,,,,,,,,,,\
,,,,Chinese Stir Fried Chicken with Peanuts,,dry sherry,,cornstarch,,"b1less chicken, cut in cubes",,vegetable oil,,ginger root,,green peppers,,green onions,,crushed red pepper,,unsalted peanuts,,soy sauce,,water,,cornstarch,,,,,,,,,,,,,,,,\
,,,,Scallops,,salt,,pepper,,soy sauce,,rice vinegar,,garlic,,sugar,,green onions,,,,,,,,,,,,,,,,,,,,,,,,,,\
,,,,Cheese Fondue,,mexican blend cheese,,salsa,,spinach,,chopped artichoke hearts,,cumin,,tortilla chips,,,,,,,,,,,,,,,,,,,,,,,,,,,,\
,,,,Golden Nugget Beef,,oranges,,sugar,,soy sauce,,cornstarch,,ginger,,pepper,,unsalted beef boullion,,water,,flank steak,,vegetable oil,,minced garlic,,onion,,celery,,rice,,,,,,,,,,,,\
,,,,Baby Back Ribs,,Ribs,,barbeque sauce,,,,,,,,,,,,,,,,,,,,,,,,,,,,,,,,,,,,\
,,,,Sweet and Sour Meatballs,,hamburger,,sausage,,accent,,salt,,chopped onion,,bread crumbs,,milk,,cornstarch,,sugar,,pineapple juice,,pineapple chunks,,boullion,,water,,vinegar,,soy sauce,,butter,,,,,,,,\
,,,,Saucy Shrimp Over Chinese Noodle Cakes,,water,,cornstarch,,soy sauce,,ketchup,,"medium-size raw shrimp, peeled and deveined",,vegetable oil,,minced garlic,,minced ginger,,"green bell pepper, chunked",,"medum onion, chunked",,"celery, thinly sliced diagonally",,tomatoes,,chinese noodle cakes,,,,,,,,,,,,,,\
,,,,Sole Thermidor,,fish fillets,,milk,,salt,,pepper,,margerine,,flour,,lemon juice or sherry,,grated cheese,,chopped green onions,,sliced mushrooms,,paprika,,,,,,,,,,,,,,,,,,\
,,,,Bake Trout,,slices bacon for each,,"onion, thinly sliced",,"bay leaf, crumbled",,margerine,,flour,,fine cracker crumbs,,salt and pepper,,,,,,,,,,,,,,,,,,,,,,,,,,\
,,,,Cheesy Fish Fillets with Spinach,,butter,,flour,,chicken bouillon,,nutmeg,,red pepper,,white pepper,,milk,,shredded Swiss or cheddar cheese,,"spinach, thawed and well-drained",,lemon juice or sherry,,"fish fillets, cut in serving pieces",,salt,,grated parmesan cheese,,paprika,,,,,,,,,,,,\
,,,,Cheese Fondue,,melted Mexican blend cheese,,salsa,,chopped spinach,,artichoke hearts,,,,,,,,,,,,,,,,,,,,,,,,,,,,,,,,\
,,,,Sauteed Scallops,,scallops,,very fine bread crumbs,,paprika,,butter,,minced onion,,salt,,pepper,,lemon juice or white wine,,,,,,,,,,,,,,,,,,,,,,,,\
,,,,"""Louies"" Linguini with Clam Sauce",,linguini,,butter,,minced garlic,,flour,,flour,,chopped clams,,white wine with clam juice and enough half-and-half to make 2 cups of liquid,,chopped parsley,,dried thyme,,salt,,pepper,,,,,,,,,,,,,,,,,,\
,,,,Sole Almondie,,sole filets,,flour,,salt,,white pepper,,milk,,vegetable oil,,margarine,,lemon juice,,"almonds, sliced thin",,white wine,,,,,,,,,,,,,,,,,,,,\
,,,,Hot Crab Dip,,cream cheese,,mayonaise,,worchester,,crab meat,,garlic,,cheddar cheese,,,,,,,,,,,,,,,,,,,,,,,,,,,,\
,,,,Shrimp Saute,,butter or margarine,,"raw shrimp, peeled and deveined",,"fresh mushrooms, sliced",,"green pepper, chopped",,"cloves, minced",,linguini or spaghetti,,grated Romano cheese,,salt,,pepper,,"fresh parsely, chopped",,lemon slices,,,,,,,,,,,,,,,,,,\
,,,,Sitr-Fry Beef and Broccoli,,flank steak,,soy sauce,,dry sherry,,cornstarch,,"fresh ginger, grated",,"garlic, finely chopped",,broccoli,,vegetable oil,,"onion, cut in thin wedges",,water or chicken stock,,bean sprouts,,,,,,,,,,,,,,,,,,\
,,,,Barbecued Spareribs,,salt,,pepper,,chili powder,,celery salt,,vinegar,,worchestershire sauce,,"garlic, chopped",,"lemon, sliced thinly",,"onion, chopped",,catsup,,hot water,,brown sugar,,,,,,,,,,,,,,,,\
,,,,Sweet and Sour Pork,,pork 10derloin,,salt,,soy sauce,,cornstarch,,cold water,,chicken coasting mix,,ice water,,egg yolk,,,,,,,,,,,,,,,,,,,,,,,,\
,,,,Beef Scallops with Fresh Tomato Sauce,,beef round steak,,"tomatoes, blanched",,"green onions, chopped",,sugar,,salt,,basil,,cornstarch,,,,,,,,,,,,,,,,,,,,,,,,,,\
,,,,Veal Scallopini,,"veal steak, sliced thinly",,flour,,oil,,sliced mushrooms,,sauterne wine,,onion,,salt and pepper,,,,,,,,,,,,,,,,,,,,,,,,,,\
,,,,Savory Goulash,,sliced onions,,wesson oil,,"steak, cubed",,paprika,,salt,,hot water,,tomato sauce,,sour cream,,hot buttered noodles,,,,,,,,,,,,,,,,,,,,,,\
,,,,Veal Parmigan,,oil,,"garlic, minced",,"onion, chopped",,"tomatoes, canned",,salt,,pepper,,tomato sauce,,thyme,,"veal, sliced thinly",,"egg, bea10",,bread crumbs,,grated parmesan cheese,,oil,,"mozzarella, sliced thinly",,parmesan,,,,,,,,,,\
,,,,Teriyaki Steak,,soy sauce,,white wine,,sugar,,ginger,,"garlic, chopped",,,,,,,,,,,,,,,,,,,,,,,,,,,,,,\
,,,,Beef Stroganoff,,round steak,,garlic,,flour,,salt,,pepper,,"onion, chopped",,oil,,mushroom soup,,"mushrooms, sliced",,sour cream,,,,,,,,,,,,,,,,,,,,\
,,,,Hungry Bear Cheese Cake,,wheat germ (optional),,sugar,,"butter, melted",,graham cracker crumbs,,cinnamon,,sour cream,,vanilla,,sugar,,salt,,cream cheese,,eggs,,vanilla,,flour,,cottage cheese,,lemon juice,,sugar,,salt,,,,,,\
,,,,Egg Foo Young,,"green onions, chopped",,can of shrimp,,water chestnuts,,bean sprouts,,salt and pepper,,bea10 eggs,,butter melted,,flour,,sugar,,salt,,water,,soy sauce,,,,,,,,,,,,,,,,\
,,,,Egg Roll Filling,,shrimp,,oil,,diced celery,,green onions,,bean sprouts,,"cabbage, finely shredded",,"water chestnuts, finely chopped",,"bamboo shoots, finely chopped",,soy sauce,,sherry,,salt,,water,,egg roll wrappers,,"egg, slightly bea10",,,,,,,,,,,,\
,,,,Egg Roll Wrappers,,eggs,,flour,,cornstarch,,salt,,water,,,,,,,,,,,,,,,,,,,,,,,,,,,,,,\
,,,,Pineapple Spareribs,,sugar,,vinegar,,water,,"pineapple chunks, injuice",,cornstarch,,green pepper (optional),,ribs,,,,,,,,,,,,,,,,,,,,,,,,,,\
,,,,Pork Fu Man Chow,,oil,,"onion, chopped quite large",,"celery, cut into large chunks",,"cooked pork, cubed",,bean sprouts,,mushroom soup or leftover pork gravy,,"water chestnuts, sliced",,soy sauce,,salt and pepper,,"pea pods, frozen",,chinese noodles,,,,,,,,,,,,,,,,,,\
,,,,Shrimp Pineapple Fried Rice,,"precooked rice, cook overnight",,shrimp,,"green onions, diced",,pineapple,,soy sauce,,,,,,,,,,,,,,,,,,,,,,,,,,,,,,\
,,,,Sweet and Sour Pork,,"pork 10derloin, cut into chunks",,salt,,soy sauce,,cornstarch,,cold water,,chicken coating mix,,ice water,,"egg, bea10",,oil,,"green pepper, sliced",,"onion, chopped",,"carrot, diagonally sliced",,ketchup,,brown sugar,,granulated sugar,,cinnamon,,ginger,,lemon,,cup,pinapple chunks,\
,,,,Albert's Chicken,,"chickens, cut in pieces",,dry sherry,,butter,,"mushrooms, sliced",,lemon juice,,"onion, minced",,parsley,,salt and pepper,,,,,,,,,,,,,,,,,,,,,,,,\
,,,,Avocado Chicken Melt,,"chicken breast halves, b1d and skinned",,cornstarch,,ground cumin,,garlic salt,,"egg, slightly bea10",,water,,cornmeal,,oil,,"avocado, peeled and sliced",,"monteray jack cheese, shredded",,sour cream,,"green onion tops, sliced",,"red pepper, chopped",,cherry tomatoes,,parsley sprigs,,,,,,,,,,\
,,,,Batter Fried Chicken,,"egg, slightly bea10",,milk,,vegetable oil,,"flour, sifted",,baking powder,,seas1d salt,,pepper,,"chicken, cut up",,"oil, for cooking",,,,,,,,,,,,,,,,,,,,,,\
,,,,Catalina Chicken Stir Fry,,catalina french dressing,,soy sauce,,garlic powder,,"b1less, skinless chicken breast, cubed",,"any frozen mixed vegetable, thawed",,,,,,,,,,,,,,,,,,,,,,,,,,,,,,\
,,,,Chicken Breasts Florentine,,"leaf spinach, cut",,"butter, melted",,"skinless b1less chicken breasts, cut in 1/2",,dry bread crumbs,,basil leaves,,oil,,shredded mozzarella cheese,,,,,,,,,,,,,,,,,,,,,,,,,,\
,,,,Chicken Cashew,,chicken breasts,,"pea pods, fresh or frozen",,"mushrooms, sliced",,"green onions, sliced",,"bamboo shoots, drained",,"water chestnuts, sliced",,chicken boullion,,soy sauce,,cornstarch,,sugar,,pepper,,salt,,cashews,,,,,,,,,,,,,,\
,,,,Chicken Lo Mein,,"chicken breast, sliced and marinated",,soy sauce,,sherry,,cornstarch,,"green onion, sliced",,mushrooms,,pea pods,,"red pepper, chopped",,chicken boullion,,linguini,,,,,,,,,,,,,,,,,,,,\
,,,,Chicken Paprika,,flour,,paprika,,cayenne,,ginger,,nutmeg,,basil,,salt,,pepper,,"chicken, skinned and b1d",,oil,,"garlic, large",,chicken broth,,sour cream,,dry sherry,,worchestershire sauce,,mushrooms,,,,,,,,\
,,,,Chicken Schnitzel,,flour,,salt,,pepper,,"bread crumbs, dried",,paprika,,garlic powder,,vegetable oil,,"chicken cutlets, pounded to 1/8 inch thick",,"eggs, lightly bea10",,onion,,"apples, cored, pared, thinly sliced",,chicken broth,,sauerkraut,,raisins,,"lemons, thinly sliced",,,,,,,,,,\
,,,,Chicken with Artichoke,,"chicken breast, split",,chicken thighs,,butter,,flour,,salt and pepper,,"mushrooms, sliced",,artichokes,,"onion, grated",,white sauterne wine,,,,,,,,,,,,,,,,,,,,,,\
,,,,Coq au Vin,,chicken,,"pork shoulder steak, cut into 1/2 inch cubes",,boiling onions,,mushrooms,,chicken broth,,dry red wine,,dijon mustard,,cornstarch and water,,"parsely, chopped",,,,,,,,,,,,,,,,,,,,,,\
,,,,Creamy Chicken Broccoli with Rice,,miracle whip,,"b1less, skinless chicken breast, cubed",,"broccoli, chopped",,Velveeta,,rice,,,,,,,,,,,,,,,,,,,,,,,,,,,,,,\
,,,,In a Hurry Chicken Curry,,skinless b1less chicken breasts,,vegetable oil,,"white onions, chopped",,"garlic, minced",,"green onions, sliced",,curry powder,,powdered sugar,,cornstarch,,chicken broth,,"broccoli florets, bite size pieces",,"cooking apple, cored and chopped",,raisins,,chopped peanuts,,,,,,,,,,,,,,\
,,,,Jack Zucchini Chicken,,zucchini,,,,,,,,,,,,,,,,,,,,,,,,,,,,,,,,,,,,,,\
,,,,,,"green onions, chopped",,flour,,chili powder,,butter,,"chicken breast halves, b1d and skinned",,freshly ground pepper,,jack cheese,,,,,,,,,,,,,,,,,,,,,,,,,,\
,,,,Maryland Fried Chicken,,"broiler chicken, cut up",,all-purpose flour,,salt,,pepper,,vegetable oil,,water,,butter,,milk,,,,,,,,,,,,,,,,,,,,,,,,\
,,,,Oven Fried Chicken,,chicken parts,,cream of mushroom soup,,milk,,"onion, chopped",,"parsley, chopped",,crushed stuffing mix,,butter,,,,,,,,,,,,,,,,,,,,,,,,,,\
,,,,Parsley and Parmasen Baked Chicken,,Italian salad dressing,,"chicken, cut up",,egg,,water,,parmasen cheese,,bread crumbs,,parsley,,salt,,paprika,,pepper,,,,,,,,,,,,,,,,,,,,\
,,,,"Sandra's ""Tree Trimmer"" Chicken",,marinated artichoke hearts,,chicken parts,,"salt, pepper, flour",,sliced mushrooms,,Uncle Ben's Converted Rice,,slivered ham,,salt,,sliced onion,,mashed garlic,,can Italian style tomatoes,,red wine,,Italian seasoning,,parsley,,,,,,,,,,,,,,\
,,,,Saute'd Chicken Breats,,"chicken breasts, skinned and b1d",,"mushrooms, sliced",,butter,,wine cooler,,bouillon,,flour,,garlic,,salt,,pepper,,paprika,,cooked rice,,,,,,,,,,,,,,,,,,\
,,,,Saute'd Chicken Livers,,chicken livers,,butter,,"onions, minced",,flour,,salt and pepper,,dry white wine,,poultry seasoning,,parsley,,oregano,,salt,,"mushrooms, sliced",,,,,,,,,,,,,,,,,,\
,,,,Spicy Singapore Wings,,chicken wings or drumettes,,soy sauce,,Louisiana-style hot sauce,,melted butter or margarine,,h1y,,garlic powder,,ground ginger,,,,,,,,,,,,,,,,,,,,,,,,,,\
,,,,Turkey Tenderloin Supreme,,turkey breast 10derloins,,butter,,"onion, sliced into rings",,cream of chicken soup,,"swiss cheese, shredded",,hot cooked rice or noodles,,,,,,,,,,,,,,,,,,,,,,,,,,,,\
,,,,Asparagus Stir-Fried,,sparagus,,oil,,"garlic, minced",,"fresh ginger, minced",,chicken stock,,soy sauce,,cornstarch,,,,,,,,,,,,,,,,,,,,,,,,,,\
,,,,Baked Green Beans,,fresh green beans,,water,,"onion, minced",,"garlic, minced",,dried tarragon,,salt,,pepper,,,,,,,,,,,,,,,,,,,,,,,,,,\
,,,,Baked Zucchini with Mushrooms,,"mushrooms, rinsed",,onion,,chicken broth,,eggs,,"zucchini, shredded",,fine dried bread crumbs,,"parmasen cheese, grated",,dried oregano,,pepper,,"green onion, minced",,,,,,,,,,,,,,,,,,,,\
,,,,Bit O' Zucchini Bites,,"onion, chopped",,"garlic, minced",,butter or margarine,,"zucchini, shredded",,"eggs, slightly bea10",,"monterey jack cheesed, shredded",,cornmeal,,"cumin seed, crushed",,"dried oregano, crushed",,,,,,,,,,,,,,,,,,,,,,\
,,,,Cheesy Spinach Bake,,spinach,,"eggs, bea10",,milk,,"swiss cheese, shredded",,"white bread, cubed",,green onion,,parmesan cheese,,,,,,,,,,,,,,,,,,,,,,,,,,\
,,,,Company Cabbage,,butter,,"cabbage, shredded",,"garlic, minced",,sour cream,,sugar,,vinegar,,salt,,caraway seed,,,,,,,,,,,,,,,,,,,,,,,,\
,,,,Crisp Potato Pancakes,,red potatoes,,"onion, grated",,salt,,pepper,,egg,,,,,,,,,,,,,,,,,,,,,,,,,,,,,,\
,,,,Easy Oven Baked Potatoes,,"potatoes, unpeeled",,onions,,butter,,"garlic, crushed",,salt,,pepper,,celery seed,,paprika,,,,,,,,,,,,,,,,,,,,,,,,\
,,,,Eggplant Rollatini,,"egg, seperated",,ricotta cheese,,"mozzarella or provol1, coarsely grated",,"fresh parsley, chopped",,pepper,,eggplant,,red wine vinaigrette,,marinara sauce,,dried basil,,,,,,,,,,,,,,,,,,,,,,\
,,,,Glazed Carrots,,carrots,,butter,,powdered sugar,,water,,spoonful of orange marmalade,,,,,,,,,,,,,,,,,,,,,,,,,,,,,,\
,,,,Green Beans Salerno,,salad oil,,vinegar,,package of dry spaghetti sauce mix,,"green beans, dried",,shredded lettuce,,"crisp bacon, crumbled",,,,,,,,,,,,,,,,,,,,,,,,,,,,\
,,,,Italian Zucchini,,zucchini,,salad oil,,garlic,,onion,,mushrooms,,rosemary,,salt,,pepper,,"parsely, chopped",,thyme,,savory salt,,,,,,,,,,,,,,,,,,\
,,,,Mushrooms in Sour Cream,,"bacon, cut up",,"onion, minced",,"fresh mushrooms, sliced",,flour,,sour cream,,worcestershire sauce,,toast slices,,,,,,,,,,,,,,,,,,,,,,,,,,\
,,,,Orange Sweet Potatoes,,sweet potatoes,,water,,butter,,powdered sugar,,"oranges, sliced thin",,,,,,,,,,,,,,,,,,,,,,,,,,,,,,\
,,,,Peas,,"frozen peas, cooked",,small onions,,sauterne wine,,parsley flakes,,salt,,pepper,,crisply fried bacon bits,,,,,,,,,,,,,,,,,,,,,,,,,,\
,,,,Saute Zucchini,,zucchini,,"garlic, minced",,butter,,parmesan cheese,,,,,,,,,,,,,,,,,,,,,,,,,,,,,,,,\
,,,,Spinach Pie,,phyllo pastry,,butter or margarine,,"onion, finely chopped",,"frozen chopped spinach, thawed and drained",,eggs,,"feta cheese, crumbled",,"parsley, chopped",,"fresh dill, chopped",,salt,,pepper,,"butter or margarine, melted",,,,,,,,,,,,,,,,,,\
,,,,Spinach Souffle,,"margarine, melted",,flour,,salt and pepper,,worcestershire sauce,,milk,,"eggs, seperated",,"spinach, cooked",,,,,,,,,,,,,,,,,,,,,,,,,,\
,,,,Spinach Strudels,,"fresh spinach, stems removed",,unsalted butter,,"shallots, chopped",,"gorgonzola cheese, crumbled",,"cream cheese, sof10ed",,phyllo pastry sheets,,"unsalted butter, melted",,dry bread crumbs,,"eggs, bea10",,parsley sprigs,,,,,,,,,,,,,,,,,,,,\
,,,,Stuffed Zucchini,,zucchini,,hamburger or sausage,,"onion, chopped",,croutons,,boullion cube,,salt,,pepper,,garlic,,thyme,,oregano,,sage,,eggs,,parmesan cheese,,melted butter or margarine,,,,,,,,,,,,\
,,,,Summer Squash,,summer squash,,butter salt,,pepper,,worcestershire sauce,,eggs,,cracker crumbs,,"onion, grated",,parmesan cheese,,paprika,,"bacon bits, crisply fried",,,,,,,,,,,,,,,,,,,,\
,,,,Sweet and Sour Red Cabbage,,oil,,"red cabbage, shredded",,"unparred apple, cubed",,brown sugar,,vinegar,,water,,pepper,,caraway seed,,,,,,,,,,,,,,,,,,,,,,,,\
,,,,The Spinach,,"frozen spinach, chopped",,butter,,"bacon, cut into 1/2 inch dice",,"onions, chopped",,flour,,milk,,nutmeg,,beef stock base or a boullion cube,,,,,,,,,,,,,,,,,,,,,,,,\
,,,,Three Cheese Spinach,,"onion, chopped",,"mushroom stems and pieces, drained",,frozen chopped spinach,,low fat cottage cheese,,grated parmesan cheese,,"eggs, lightly beaten",,,,,,grated swiss cheese,,,,,,,,,,,,,,,,,,,,,,\
,,,,Tulelake Potato Casserole,,"frozen hashbrown potatoes, thawed",,"butter, melted",,salt,,pepper,,dried onions or 1/2 cup fresh,,cream of chcken soup,,"cheddar cheese, grated",,sour cream,,melted butter,,"cornflakes, crushed",,,,,,,,,,,,,,,,,,,,\
,,,,Zucchini Patties,,zucchini,,eggs,,parmesan cheese,,garlic,,flour,,parsley,,onion,,salt,,pepper,,olive oil,,,,,,,,,,,,,,,,,,,,\
,,,,Apple Dumplings,,sugar,,water,,cinnamon,,nutmeg,,"butter, melted",,"apples, peeled, cut in 1/4",,flour,,salt,,baking powder,,shortening,,milk,,,,,,,,,,,,,,,,,,\
,,,,Apple Dessert for a Crowd,,flour,,sugar,,salt,,shortening,,"egg yolk, plus enough milk to make 1/2 cup",,"cornflakes, crushed",,"cornflakes, crushed",,"tart apples, sliced",,sugar,,cinnamon,,,,,,,,,,,,,,,,,,,,\
,,,,Chilled Prune Whip,,whole prunes,,water,,egg whites,,salt,,sugar,,lemon juice,,"pecans, chopped",,,,,,,,,,,,,,,,,,,,,,,,,,\
,,,,Fresh Peach Dessert,,"peaches, sliced",,small marshmallows,,cold water,,powdered sugar,,"vanilla wafers, crushed",,knox gelatin,,margarine,,eggs,,,,,,,,,,,,,,,,,,,,,,,,\
,,,,South Carolina Cobbler,,"fresh peaches (or frozen, thawed), sliced",,"sugar, divided",,almond flavoring,,"butter or margarine, melted",,flour,,baking powder,,salt,,milk,,,,,,,,,,,,,,,,,,,,,,,,\
,,,,Spanish Cream Pudding,,sugar,,knox gelatin,,salt,,milk,,vanilla,,eggs,,,,,,,,,,,,,,,,,,,,,,,,,,,,\
,,,,Artichoke-Mozzarella Casserole,,olive oil,,"green onion, minced",,"garlic, pressed",,"parsley, minced",,leaf oregano,,eggs,,"artichoke hearts, drained, finely chopped",,dry bread crumbs,,"mozzarella cheese, shredded",,salt,,hot pepper liquid,,,,,,,,,,,,,,,,,,\
,,,,Asparagus Tomato Quiche,,"10 inch pie shell, partially baked",,"eggs, beaten",,flour,,paprika,,salt,,dry mustard,,half and half,,grated swiss cheese,,"fresh aparagus spears, washed and trimmed",,"tomato, sliced into four 1/4"" slices",,,,,,,,,,,,,,,,,,,,\
,,,,Beef Enchiladas,,beef,,"garlic, chopped",,salt,,vinegar,,water,,chili powder,,red kidney beans,,tortillas,,salad oil,,"garlic, chopped",,"onion, chopped",,flour,,tomato sauce,,vinegar,,beef bouillon,,boiling water,,chili powder,,salt,,,pepper,\
,,,,Beef Spinach Quiche,,10 inch  baked pie shell,,butter,,"onion, diced",,hamburger,,eggs,,heavy cream,,"spinach, drained",,salt,,pepper,,nutmeg,,cheese,,,,,,,,,,,,,,,,,,\
,,,,Broccoli and Rice Casserole,,"minute rice, uncooked",,"frozen broccoli, chopped",,onion,,"celery, chopped",,mushroom soup,,Cheeze Whiz,,butter,,,,,,,,,,,,,,,,,,,,,,,,,,\
,,,,Broccoli Cheese Pie,,fresh broccoli,,"onion, minced",,milk,,nutmeg,,parmesan cheese,,pepper sauce,,"eggs, slightly beaten",,salt,,pepper,,parsley,,swiss cheese,,,,,,,,,,,,,,,,,,\
,,,,Cheese Strata,,bread,,grated cheese,,"eggs, beaten",,milk,,salt,,pepper,,dry mustard,,,,,,,,,,,,,,,,,,,,,,,,,,\
,,,,Chicken Tamale Pie,,"boned chicken breasts, cooked, cut into bite-size",,"onion, chopped",,"bacon, chopped",,yellow cornmeal,,chicken broth,,"eggs, beaten",,cumin,,salt,,cayenne pepper,,tomatoes,,creamed corn,,oil,,chili powder,,"bacon, chopped",,onions,,sliced olives,,,,,,,,\
,,,,Chili Cheese Puff,,eggs,,flour,,baking powder,,salt,,cottage cheese,,"jack cheese, shredded",,diced green chiles,,,,,,,,,,,,,,,,,,,,,,,,,,\
,,,,Chili Chicken,,medium noodles,,"onion, chopped",,"butter or margarine, melted",,cream of mushroom soup or 2 cans cream of mushroom and 1 can chicken broth,,jar pimentos,,chopped green chiles,,"chicken, cooked and boned, cut into bite-size pieces",,"cheddar cheese, grated",,,,,,,,,,,,,,,,,,,,,,,,\
,,,,Chinese Noodle Casserole,,mushroom soup,,tuna in oil,,cashew nuts,,"celery, chopped",,"onion, chopped",,chow mein noodles,,,,,,,,,,,,,,,,,,,,,,,,,,,,\
,,,,Crazy Crust Pizza,,flour,,salt,,oregano or italian seasoning,,pepper,,eggs,,milk,,,,,,,,,,,,,,,,,,,,,,,,,,,,\
,,,,Deep Dish Pizza,,Chef Boyardee package pizza mix,,hamburger,,chopped onion,,"tomatoes, drained and chopped",,mushroom stems and pieces,,sliced olives,,"jack and mozzarella cheese, shredded",,,,,,,,,,,,,,,,,,,,,,,,,,\
,,,,Easy Pasta Bake,,ground beef,,cooked pasta,,spaghetti sauce,,parmesan cheese,,"mozzarella cheese, shredded",,,,,,,,,,,,,,,,,,,,,,,,,,,,,,\
,,,,Fum Gum,,"elbow macaroni, cooked",,"onion, diced",,"left-over beef, cubed",,cubed cheese,,stewed tomatoes,,tomato sauce,,garlic,,salt,,,,,,,,,,,,,,,,,,,,,,,,\
,,,,Garden Quiche,,Bisquick baking mix,,cold water,,"fresh or frozen broccoli, chopped",,"swiss cheese, shredded",,"french fried onions, ",,eggs,,whipping cream,,salt,,sugar,,cayenne pepper,,,,,,,,,,,,,,,,,,,,\
,,,,Impossible Taco Pie,,ground beef,,"onion, chopped",,taco seasoning mix,,"chopped green chiles, drained",,milk,,Bisquick baking mix,,eggs,,tomatoes,,"monterey jack or cheddar cheese, shredded",,,,,,,,,,,,,,,,,,,,,,\
,,,,Pasta Primavera,,"fresh basil or parsley, crushed",,"red or green pepper, cut up",,reduced calorie mayonnaise,,"parmesan cheese, grated",,lemon juice,,salt,,ground red pepper,,ground black pepper,,fettucine or linguine,,"carrots, julienned",,"cooked chicken or turkey breast, cut into strips",,,,,,,,,,,,,,,,,,\
,,,,Ranch-style Baked Beans,,margarine,,ground chuck,,Lipton onion soup mix,,pork and beans in tomato sauce,,"kidney beans, drained",,ketchup,,cold water,,prepared mustard,,cider vinegar,,,,,,,,,,,,,,,,,,,,,,\
,,,,Savory Chicken Casserole,,chicken pieces,,shortening,,milk,,cream of chicken soup,,poultry seasoning,,salt,,pepper,,"carrots, cut into chunks",,frozen lima beans,,onions,,,,,,,,,,,,,,,,,,,,\
,,,,Sour Cream Enchiladas,,sour cream,,"green onions, chopped",,cumin,,shredded cheese,,corn tortillas,,oil,,enchilada sauce,,,,,,,,,,,,,,,,,,,,,,,,,,\
,,,,Spinach Fritatta,,fresh spinach,,bacon,,"green onion, chopped",,"clove garlic, minced",,basil,,salt,,pepper,,eggs,,water,,"swiss cheese, grated",,,,,,,,,,,,,,,,,,,,\
,,,,Stuffed Green Peppers,,hamburger,,fresh ripe tomato,,caraway seed,,salt,,pepper,,egg,,cooked rice,,chopped onion,,tomatoes,,,,,,,,,,,,,,,,,,,,,,\
,,,,Tamale Pie,,onion,,garlic,,cornmeal,,salad oil,,hamburger,,spanish seasoning,,tomatoes,,cream corn,,pitted olives,,tomato soup,,grated cheese,,salt,,pepper,,,,,,,,,,,,,,\
,,,,Tulelake Potato Casserole,,"frozen hashbrowns, thawed",,melted butter,,teaspoon salt,,pepper,,dried onion or 1/2 cup fresh,,cream of chicken soup,,"cheddar cheese, grated",,sour cream,,"butter, melted",,"cornflakes, crushed",,,,,,,,,,,,,,,,,,,,\
,,,,Wild Mushroom and Spinach Lasanga,,lasagna noodles,,olive oil,,"garlic, finely chopped",,"shallots, finely chopped",,"button mushrooms, chopped",,"shitake mushrooms, chopped",,butter,,flour,,milk,,"gorgonzola, crumbled",,"fresh parmesan, grated",,tomato paste,,salt and pepper to taste,,"frozen chopped spinach, thaw and squeeze dry",,ricotta cheese,,"eggs, lightly beaten",,dried basil,,grated nutmeg,,,,\
,,,,Zucchini Casserole,,small zucchini,,"onion, chopped",,"garlic, chopped",,"butter, divided",,accent seasoning mix,,salt,,"eggs, beaten",,"cheese, shredded",,parmesan cheese,,thyme,,pepper,,,,,,,,,,,,,,,,,,\
,,,,Zucchini-Ham Cheese Pie,,"onion, sliced thinly",,"zucchini, sliced",,"garlic, minced",,oil,,"cooked slivered ham, optional",,"swiss cheese, shredded",,sour cream,,"eggs, beaten",,oregano,,salt,,pepper,,,,,,,,,,,,,,,,,,\
,,,,},,,,,,,,,,,,,,,,,,,,,,,,,,,,,,,,,,,,,,,,